{
    "1": {
        "AP": 9.822900042260391,
        "AP50": 17.433577808678848,
        "AP75": 9.997831369615756,
        "APs": 6.675662952967403,
        "APm": 11.137874182702197,
        "APl": 12.151478600276906,
        "AP-Motorcycle": 0.0,
        "AP-Auto": 4.502391415612149,
        "AP-Car": 45.82552008932229,
        "AP-Bus": 4.016263658981429,
        "AP-LCV(Light Motor Vehicle)": 15.221650204321726,
        "AP-Truck": 4.2076743689421585,
        "AP-Tractor": 0.0,
        "AP-Multi-Axle": 4.809700600903363
    },
    "2": {
        "AP": 11.164976163465525,
        "AP50": 19.817308237808174,
        "AP75": 11.188161840589759,
        "APs": 8.279157554242175,
        "APm": 12.706997528459235,
        "APl": 12.175010066569563,
        "AP-Motorcycle": 0.0,
        "AP-Auto": 4.071782178217822,
        "AP-Car": 43.30776250424891,
        "AP-Bus": 1.6064023984816063,
        "AP-LCV(Light Motor Vehicle)": 21.70472036795833,
        "AP-Truck": 5.574586207643693,
        "AP-Tractor": 0.0,
        "AP-Multi-Axle": 13.054555651173839
    },
    "4": {
        "AP": 14.374383149062089,
        "AP50": 23.666470346776023,
        "AP75": 15.500751538804252,
        "APs": 6.979386713704905,
        "APm": 15.776767619230329,
        "APl": 18.900272338497235,
        "AP-Motorcycle": 11.697312588401697,
        "AP-Auto": 21.104653237385293,
        "AP-Car": 43.80972821596745,
        "AP-Bus": 1.6584158415841586,
        "AP-LCV(Light Motor Vehicle)": 22.34762257160906,
        "AP-Truck": 13.139708975172818,
        "AP-Tractor": 0.0,
        "AP-Multi-Axle": 1.2376237623762376
    },
    "3": {
        "AP": 14.680136953894419,
        "AP50": 24.77835170799915,
        "AP75": 15.646762648214413,
        "APs": 8.799220252895479,
        "APm": 16.059789587553887,
        "APl": 17.93490763455355,
        "AP-Motorcycle": 8.41075930476047,
        "AP-Auto": 21.800331602050495,
        "AP-Car": 43.582567716003965,
        "AP-Bus": 0.0,
        "AP-LCV(Light Motor Vehicle)": 23.160893932546017,
        "AP-Truck": 8.958999854355675,
        "AP-Tractor": 0.0,
        "AP-Multi-Axle": 11.527543221438703
    }
}