{"1": {"AP": 9.822900042260391, "AP50": 17.433577808678848, "AP75": 9.997831369615756, "APs": 6.675662952967403, "APm": 11.137874182702197, "APl": 12.151478600276906, "AP-Motorcycle": 0.0, "AP-Auto": 4.502391415612149, "AP-Car": 45.82552008932229, "AP-Bus": 4.016263658981429, "AP-LCV(Light Motor Vehicle)": 15.221650204321726, "AP-Truck": 4.2076743689421585, "AP-Tractor": 0.0, "AP-Multi-Axle": 4.809700600903363}, "2": {"AP": 8.767215915454646, "AP50": 16.03720305929241, "AP75": 8.357255629413052, "APs": 6.338486294274456, "APm": 10.129038736225313, "APl": 8.560742977397128, "AP-Motorcycle": 0.0, "AP-Auto": 5.018187015857372, "AP-Car": 39.46616010278042, "AP-Bus": 0.0, "AP-Light Motor Vehicle": 20.068206060894532, "AP-Truck": 2.077463460631778, "AP-Tractor": 0.0, "AP-Multi-Axle": 3.5077106834730727}}